;loss;val_loss
0;0.26162147521972656;0.07839101552963257
